
-- SQL generated by wms-data-generator
-- DO NOT EDIT THIS FILE MANUALLY
-- Edit the create-wms-schema.sql file instead
--
-- 🚚🚚🚚🚚🚚🚚🚚🚚🚚🚚🚚🚚🚚🚚
-- 🚚 DELIVEROO (C) 2025 🚚
-- 🚚   SHIP THAT SHIT   🚚
-- 🚚   Spółka Akcyjna   🚚
-- 🚚🚚🚚🚚🚚🚚🚚🚚🚚🚚🚚🚚🚚🚚


DROP TABLE IF EXISTS location CASCADE;
DROP TABLE IF EXISTS warehouse CASCADE;
DROP TABLE IF EXISTS zone CASCADE;
DROP TABLE IF EXISTS aisle CASCADE;
DROP TABLE IF EXISTS rack CASCADE;
DROP TABLE IF EXISTS shelf CASCADE;
DROP TABLE IF EXISTS capacity CASCADE;
DROP TABLE IF EXISTS customer CASCADE;
DROP TABLE IF EXISTS employee CASCADE;
DROP TABLE IF EXISTS role CASCADE;
DROP TABLE IF EXISTS employee_role CASCADE;
DROP TABLE IF EXISTS storage_request CASCADE;
DROP TABLE IF EXISTS storage_reservation CASCADE;
DROP TABLE IF EXISTS storage_record CASCADE;
DROP TABLE IF EXISTS payment CASCADE;
DROP TABLE IF EXISTS storage_event_type CASCADE;
DROP TABLE IF EXISTS storage_event_history CASCADE;
DROP TABLE IF EXISTS employee_warehouse CASCADE;

-- LOCATIONS
CREATE TABLE location (
    location_id SERIAL PRIMARY KEY,
    address TEXT NOT NULL,
    city TEXT NOT NULL,
    postal_code TEXT NOT NULL,
    country TEXT NOT NULL
);

-- WAREHOUSES
CREATE TABLE warehouse (
    warehouse_id SERIAL PRIMARY KEY,
    location_id INTEGER NOT NULL REFERENCES location(location_id),
    name TEXT NOT NULL
);

CREATE INDEX idx_warehouse_location_id ON warehouse(location_id);

-- ZONES
CREATE TABLE zone (
    zone_id SERIAL PRIMARY KEY,
    warehouse_id INTEGER NOT NULL REFERENCES warehouse(warehouse_id),
    name TEXT NOT NULL,
    description TEXT NOT NULL
);

CREATE INDEX idx_zone_warehouse_id ON zone(warehouse_id);

-- AISLES
CREATE TABLE aisle (
    aisle_id SERIAL PRIMARY KEY,
    zone_id INTEGER NOT NULL REFERENCES zone(zone_id),
    label TEXT NOT NULL,
    width INTEGER NOT NULL,
    width_unit TEXT NOT NULL
);

CREATE INDEX idx_aisle_zone_id ON aisle(zone_id);

-- RACKS
CREATE TABLE rack (
    rack_id SERIAL PRIMARY KEY,
    aisle_id INTEGER NOT NULL REFERENCES aisle(aisle_id),
    label TEXT NOT NULL,
    max_height INTEGER NOT NULL,
    height_unit TEXT NOT NULL
);

CREATE INDEX idx_rack_aisle_id ON rack(aisle_id);

-- SHELVES
CREATE TABLE shelf (
    shelf_id SERIAL PRIMARY KEY,
    rack_id INTEGER NOT NULL REFERENCES rack(rack_id),
    level TEXT NOT NULL,
    max_weight NUMERIC NOT NULL,
    max_volume NUMERIC NOT NULL
);

CREATE INDEX idx_shelf_rack_id ON shelf(rack_id);

-- CAPACITY (Polymorphic association)
CREATE TABLE capacity (
    capacity_id SERIAL PRIMARY KEY,
    entity_type TEXT NOT NULL CHECK (entity_type IN ('WAREHOUSE','ZONE','RACK','SHELF')),
    entity_id INTEGER NOT NULL,
    value NUMERIC NOT NULL,
    unit TEXT NOT NULL,
    description TEXT
);

CREATE INDEX idx_capacity_entity ON capacity(entity_type, entity_id);

-- CUSTOMERS
CREATE TABLE customer (
    customer_id SERIAL PRIMARY KEY,
    name TEXT NOT NULL,
    email TEXT NOT NULL,
    phone TEXT NOT NULL
);

-- EMPLOYEES
CREATE TABLE employee (
    employee_id SERIAL PRIMARY KEY,
    name TEXT NOT NULL,
    email TEXT NOT NULL,
    phone TEXT NOT NULL,
    hire_date DATE NOT NULL
);

-- ROLES
CREATE TABLE role (
    role_id SERIAL PRIMARY KEY,
    name TEXT NOT NULL,
    description TEXT NOT NULL
);

-- EMPLOYEE ROLES
CREATE TABLE employee_role (
    employee_id INTEGER NOT NULL REFERENCES employee(employee_id),
    role_id INTEGER NOT NULL REFERENCES role(role_id),
    assigned_date DATE NOT NULL,
    PRIMARY KEY (employee_id, role_id)
);

-- EMPLOYEE-WAREHOUSE RELATION (many-to-many)
CREATE TABLE employee_warehouse (
    employee_id INTEGER NOT NULL REFERENCES employee(employee_id) ON DELETE CASCADE,
    warehouse_id INTEGER NOT NULL REFERENCES warehouse(warehouse_id) ON DELETE CASCADE,
    assigned_from DATE NOT NULL,
    assigned_until DATE,
    PRIMARY KEY (employee_id, warehouse_id, assigned_from)
);

CREATE INDEX idx_employee_warehouse_employee ON employee_warehouse(employee_id);
CREATE INDEX idx_employee_warehouse_warehouse ON employee_warehouse(warehouse_id);

ALTER TABLE employee_warehouse ADD CONSTRAINT chk_assigned_dates CHECK (assigned_until IS NULL OR assigned_from < assigned_until);

-- STORAGE REQUESTS
CREATE TABLE storage_request (
    request_id SERIAL PRIMARY KEY,
    customer_id INTEGER NOT NULL REFERENCES customer(customer_id),
    warehouse_id INTEGER NOT NULL REFERENCES warehouse(warehouse_id),
    requested_entry_date TIMESTAMP NOT NULL,
    requested_exit_date TIMESTAMP NOT NULL,
    status TEXT NOT NULL CHECK (status IN ('pending','accepted','rejected')),
    decision_employee_id INTEGER REFERENCES employee(employee_id),
    decision_date TIMESTAMP
);

CREATE INDEX idx_storage_request_customer_id ON storage_request(customer_id);
CREATE INDEX idx_storage_request_warehouse_id ON storage_request(warehouse_id);

-- STORAGE RESERVATIONS
CREATE TABLE storage_reservation (
    reservation_id SERIAL PRIMARY KEY,
    request_id INTEGER NOT NULL REFERENCES storage_request(request_id),
    customer_id INTEGER NOT NULL REFERENCES customer(customer_id),
    shelf_id INTEGER NOT NULL REFERENCES shelf(shelf_id),
    reserved_weight NUMERIC NOT NULL,
    reserved_volume NUMERIC NOT NULL,
    reserved_from TIMESTAMP NOT NULL,
    reserved_until TIMESTAMP NOT NULL,
    status TEXT NOT NULL CHECK (status IN ('pending','active','expired','cancelled'))
);

CREATE INDEX idx_storage_reservation_request_id ON storage_reservation(request_id);
CREATE INDEX idx_storage_reservation_customer_id ON storage_reservation(customer_id);
CREATE INDEX idx_storage_reservation_shelf_id ON storage_reservation(shelf_id);

-- STORAGE RECORDS
CREATE TABLE storage_record (
    storage_record_id SERIAL PRIMARY KEY,
    request_id INTEGER NOT NULL REFERENCES storage_request(request_id),
    customer_id INTEGER NOT NULL REFERENCES customer(customer_id),
    shelf_id INTEGER NOT NULL REFERENCES shelf(shelf_id),
    actual_entry_date TIMESTAMP NOT NULL,
    actual_exit_date TIMESTAMP,
    cargo_description TEXT NOT NULL,
    cargo_weight NUMERIC NOT NULL,
    cargo_volume NUMERIC NOT NULL
);

CREATE INDEX idx_storage_record_customer_id ON storage_record(customer_id);
CREATE INDEX idx_storage_record_shelf_id ON storage_record(shelf_id);

-- PAYMENTS
CREATE TABLE payment (
    payment_id SERIAL PRIMARY KEY,
    storage_record_id INTEGER NOT NULL REFERENCES storage_record(storage_record_id),
    customer_id INTEGER NOT NULL REFERENCES customer(customer_id),
    amount NUMERIC NOT NULL,
    currency TEXT NOT NULL,
    status TEXT NOT NULL CHECK (status IN ('pending','paid','failed','cancelled')),
    payment_date TIMESTAMP,
    external_reference TEXT
);

CREATE INDEX idx_payment_customer_id ON payment(customer_id);
CREATE INDEX idx_payment_storage_record_id ON payment(storage_record_id);

-- STORAGE EVENT TYPES
CREATE TABLE storage_event_type (
    event_type_id SERIAL PRIMARY KEY,
    name TEXT NOT NULL,
    description TEXT
);

CREATE UNIQUE INDEX idx_storage_event_type_name ON storage_event_type(name);

-- STORAGE EVENT HISTORY
CREATE TABLE storage_event_history (
    event_id SERIAL PRIMARY KEY,
    storage_record_id INTEGER NOT NULL REFERENCES storage_record(storage_record_id),
    event_type_id INTEGER NOT NULL REFERENCES storage_event_type(event_type_id),
    event_time TIMESTAMP NOT NULL,
    employee_id INTEGER REFERENCES employee(employee_id),
    details JSONB
);

CREATE INDEX idx_storage_event_history_storage_record_id ON storage_event_history(storage_record_id);
CREATE INDEX idx_storage_event_history_event_type_id ON storage_event_history(event_type_id);

-- Locations
INSERT INTO location (location_id, address, city, postal_code, country) VALUES (1, 'ul. Wichrowa 89', 'Janki', '05-090', 'Poland');

-- Warehouses
INSERT INTO warehouse (warehouse_id, location_id, name) VALUES (1, 1, 'Main Deliveroo Warehouse');

-- Customers
INSERT INTO customer (customer_id, name, email, phone) VALUES
(1, 'Harris-Davila', 'zfrank@robinson.com', '(845)892-9810x985'),
(2, 'Morse, Smith and Welch', 'joseph92@merritt.biz', '558-290-4330'),
(3, 'Ali LLC', 'vcross@king.biz', '+1-730-712-7982'),
(4, 'Mason PLC', 'leslieweaver@gomez.com', '001-823-394-0708x47052'),
(5, 'Garcia Group', 'melanie20@newman.com', '5659287983'),
(6, 'Foster, Sampson and Smith', 'benjamin50@evans.com', '517.865.5872x3570'),
(7, 'Anderson, Spencer and Gardner', 'benjaminchristine@valdez.com', '(793)749-4274x361'),
(8, 'Cole and Sons', 'xmcdowell@cox.com', '(933)451-0903x657'),
(9, 'Young-Phelps', 'stevensmichael@guerra.net', '296-456-9013'),
(10, 'Marshall PLC', 'mharper@thompson-mendoza.com', '907.670.0077'),
(11, 'Pace-Newman', 'floressamantha@campbell-zhang.com', '564.626.0472x000'),
(12, 'Johnson-Davis', 'ycook@james.com', '517.677.3742x748'),
(13, 'Wilson, Bridges and Ramirez', 'costajohn@campbell.com', '+1-719-753-0739x631'),
(14, 'Wright, Hernandez and Kim', 'taylorelijah@johnson-white.com', '+1-442-474-2707x9826'),
(15, 'Lester, Anderson and Crawford', 'tamaraperry@maxwell.com', '001-467-439-9554x34316'),
(16, 'Becker, Flores and Beard', 'erikcochran@payne.com', '+1-733-230-0823x53989'),
(17, 'Hanna, Mcdaniel and Osborne', 'shanemora@mckinney-franco.com', '367-813-8749x4182'),
(18, 'Schwartz, Graves and Hale', 'timwarner@barnes.com', '+1-711-701-2014'),
(19, 'Miller-Watson', 'davisjill@haas.com', '(730)306-6671x0925'),
(20, 'Higgins, Vaughn and Holt', 'john09@payne.com', '871.595.8865'),
(21, 'Shea-Thornton', 'jjohnson@vincent.com', '522.789.1816x574'),
(22, 'Griffin, Mcdowell and Mendoza', 'kevin87@campbell.org', '763.428.3242x83557'),
(23, 'Brown and Sons', 'rwolfe@davis-marks.com', '276.377.2679x488'),
(24, 'Michael, Green and Thornton', 'itucker@chavez.info', '001-731-514-7829x6132'),
(25, 'Santiago Group', 'jimenezbrian@long.com', '960.684.0838'),
(26, 'Conley, Smith and Bowman', 'erin89@king.com', '(610)249-7313x6189'),
(27, 'Carroll-Boyd', 'maryanderson@benson.com', '396-548-1437x497'),
(28, 'Cantu-Whitney', 'sierra78@ross.net', '001-440-982-1531x327'),
(29, 'Parker, Reed and Carter', 'annettebanks@garcia-hawkins.com', '261.746.8618'),
(30, 'Valdez, Holmes and Romero', 'thomasanna@norton-kim.net', '(987)496-2564x931'),
(31, 'Walker, Erickson and Humphrey', 'samantha12@berry-rodriguez.com', '+1-762-662-1214x51956'),
(32, 'Davis, Davis and Marshall', 'vhall@smith.com', '387.445.8367x687'),
(33, 'Rogers-Peterson', 'jwilliams@rodriguez.com', '001-269-944-6134x1118'),
(34, 'Ortiz Group', 'usoto@carr-davies.biz', '904-503-3183'),
(35, 'Doyle, Wilson and Tran', 'kathymcknight@duffy-ellis.info', '8048035625'),
(36, 'Gibson PLC', 'brooke18@lang.com', '001-403-381-9897x0275'),
(37, 'Bennett Ltd', 'gwilliams@williams.com', '545-574-4877x0839'),
(38, 'Thompson PLC', 'wwalton@davis.biz', '744-607-1842x84916'),
(39, 'Ho Inc', 'lisa69@hutchinson.biz', '(652)601-1351x030'),
(40, 'Wyatt-Christensen', 'heathraymond@peterson-wright.com', '(859)543-4107'),
(41, 'Santana, Smith and Graham', 'kendrabrown@may.com', '8159804172'),
(42, 'Rocha, Horn and Flores', 'ymcknight@garrett.org', '839.384.4705x4040'),
(43, 'Preston, Floyd and Blackwell', 'autumnrichards@kline-garrett.com', '+1-241-257-2569x05021'),
(44, 'Rios, Parsons and Lee', 'perezmelissa@maldonado.com', '917.407.0483x391'),
(45, 'Webb-Downs', 'ruizcaleb@lopez.com', '(699)484-9517'),
(46, 'Gallagher-Dawson', 'katelynwilliams@johnson.biz', '(559)472-6806x975'),
(47, 'Barnes LLC', 'jkelly@turner-anderson.com', '(396)778-9508x3521'),
(48, 'Williams, Rivera and Bauer', 'pyu@harper-price.com', '4893133587'),
(49, 'Chambers, Short and Simon', 'rmendez@miller.com', '001-237-550-0921'),
(50, 'Barber-Nguyen', 'jessicawebb@lopez.org', '+1-608-501-6893');

-- Roles
INSERT INTO role (role_id, name, description) VALUES
(1, 'warehouse_manager', 'Oversees all warehouse operations, staff, and safety.'),
(2, 'logistics_coordinator', 'Manages logistics and distribution processes.'),
(3, 'inventory_controller', 'Manages inventory accuracy, cycle counts, and stock reconciliation.'),
(4, 'receiving_clerk', 'Handles inbound shipments, inspects and records received goods.'),
(5, 'shipping_clerk', 'Prepares and processes outbound shipments and documentation.'),
(6, 'forklift_operator', 'Operates forklifts and other material handling equipment within the warehouse.'),
(7, 'safety_officer', 'Ensures safety and compliance in warehouse operations.'),
(8, 'returns_specialist', 'Handles returns and returns processing.'),
(9, 'customer_service', 'Handles customer inquiries and complaints.');

-- Storage Event Types
INSERT INTO storage_event_type (event_type_id, name, description) VALUES
(1, 'RECEIVED', 'Cargo received at warehouse'),
(2, 'MOVED', 'Cargo moved to another shelf'),
(3, 'DISPATCHED', 'Cargo dispatched from warehouse'),
(4, 'DAMAGED', 'Cargo found damaged'),
(5, 'LOST', 'Cargo missing or lost'),
(6, 'CUSTOMER_CONTACT', 'Contact with customer regarding storage'),
(7, 'QUALITY_ISSUE', 'Quality-related issue reported'),
(8, 'SAFETY_INCIDENT', 'Safety or accident incident reported');

-- Zones
INSERT INTO zone (zone_id, warehouse_id, name, description) VALUES
(1, 1, 'Bulk Storage Area', 'Area for storing large quantities of goods, usually on pallets.'),
(2, 1, 'Receiving Area', 'Zone designated for unloading and inspecting incoming goods.'),
(3, 1, 'Picking Area', 'Zone where items are picked to fulfill orders.'),
(4, 1, 'Packing Area', 'Area for packing picked items and preparing them for shipment.'),
(5, 1, 'Shipping Area', 'Zone for staging and loading outbound shipments.'),
(6, 1, 'Returns Area', 'Designated space for processing returned goods.'),
(7, 1, 'Quarantine/Inspection Area', 'Area for holding goods pending inspection or quality checks.');

-- Aisles
INSERT INTO aisle (aisle_id, zone_id, label, width, width_unit) VALUES
(1, 1, 'Aisle-1', 350, 'cm'),
(2, 1, 'Aisle-2', 300, 'cm'),
(3, 1, 'Aisle-3', 300, 'cm'),
(4, 1, 'Aisle-4', 300, 'cm'),
(5, 1, 'Aisle-5', 250, 'cm'),
(6, 1, 'Aisle-6', 200, 'cm'),
(7, 1, 'Aisle-7', 200, 'cm');

-- Racks
INSERT INTO rack (rack_id, aisle_id, label, max_height, height_unit) VALUES
(1, 1, 'R-001', 450, 'cm'),
(2, 2, 'R-002', 500, 'cm'),
(3, 3, 'R-003', 400, 'cm'),
(4, 4, 'R-004', 450, 'cm'),
(5, 5, 'R-005', 400, 'cm'),
(6, 6, 'R-006', 400, 'cm'),
(7, 7, 'R-007', 350, 'cm'),
(8, 1, 'R-008', 450, 'cm'),
(9, 2, 'R-009', 350, 'cm'),
(10, 3, 'R-010', 400, 'cm');

-- Shelves
INSERT INTO shelf (shelf_id, rack_id, level, max_weight, max_volume) VALUES
(1, 1, '1', 958, 12),
(2, 2, '2', 961, 11),
(3, 3, '3', 750, 9),
(4, 4, '4', 1032, 12),
(5, 5, '1', 1134, 9),
(6, 6, '2', 688, 10),
(7, 7, '3', 742, 14),
(8, 8, '4', 855, 13),
(9, 9, '1', 889, 14),
(10, 10, '2', 1079, 10),
(11, 1, '3', 934, 10),
(12, 2, '4', 923, 11),
(13, 3, '1', 1196, 15),
(14, 4, '2', 669, 9),
(15, 5, '3', 1144, 6);

-- Employees
INSERT INTO employee (employee_id, name, email, phone, hire_date) VALUES
(1, 'John Williams', 'turnerheather@example.org', '922.204.0334x13576', '2023-02-03'),
(2, 'Elizabeth Campbell', 'james46@example.com', '+1-395-720-5610x79109', '2020-10-01'),
(3, 'Hannah Valencia DDS', 'barnescatherine@example.org', '988.666.7410', '2025-02-06'),
(4, 'Dawn Smith', 'smithcody@example.org', '001-441-707-7256x28063', '2024-12-10'),
(5, 'James Gray', 'jodikim@example.net', '(477)432-1627x5491', '2020-10-11'),
(6, 'Zachary Miller', 'alicia05@example.org', '660-311-2759x67016', '2023-05-05'),
(7, 'Jeremy Holland', 'hmedina@example.org', '778-393-7934x822', '2025-03-08'),
(8, 'Jay Munoz', 'maddenkelly@example.org', '(233)711-3750x828', '2022-03-03'),
(9, 'William Miller', 'michaelreed@example.org', '(587)894-7814', '2024-06-10'),
(10, 'Kelly Thomas', 'tclark@example.com', '7239134723', '2024-08-05'),
(11, 'Todd Heath', 'sloansteve@example.net', '(368)784-8912', '2023-06-18'),
(12, 'Daniel Salinas', 'michael63@example.org', '+1-725-967-4283x722', '2022-08-12'),
(13, 'Carlos Berry', 'antoniograham@example.com', '815.853.9735x155', '2021-01-19'),
(14, 'Spencer Smith', 'vreynolds@example.net', '+1-212-791-3092x67089', '2021-09-11'),
(15, 'Taylor Miller', 'kevinmurray@example.net', '(265)874-8647', '2021-10-25'),
(16, 'Stacy Washington', 'ianmcdonald@example.net', '569.683.8499x621', '2020-10-09'),
(17, 'Steven Jackson', 'wroach@example.com', '(589)738-0518x2195', '2021-02-11'),
(18, 'Rebecca Johnson', 'munozkim@example.org', '(461)253-9097', '2025-02-06'),
(19, 'Jeremy Jennings', 'dbutler@example.net', '+1-622-634-2139x4384', '2022-06-19'),
(20, 'Judy Gordon', 'jennifercarroll@example.com', '(813)570-4530x6552', '2024-01-20');

-- Employee Roles
INSERT INTO employee_role (employee_id, role_id, assigned_date) VALUES
(1, 6, '2023-12-16'),
(2, 5, '2022-03-27'),
(3, 4, '2025-03-10'),
(4, 4, '2025-05-27'),
(5, 8, '2022-04-16'),
(6, 3, '2024-03-25'),
(7, 2, '2025-05-17'),
(8, 6, '2023-01-09'),
(9, 4, '2024-12-28'),
(9, 6, '2025-05-05'),
(10, 5, '2024-12-30'),
(11, 9, '2025-01-23'),
(12, 5, '2024-02-22'),
(13, 5, '2021-11-12'),
(14, 8, '2023-12-08'),
(15, 3, '2023-02-02'),
(15, 4, '2025-04-10'),
(16, 5, '2022-05-23'),
(17, 8, '2022-12-22'),
(18, 9, '2025-06-02'),
(19, 6, '2023-09-29'),
(20, 5, '2024-09-21'),
(20, 3, '2024-12-02');

-- Employee Warehouses
INSERT INTO employee_warehouse (employee_id, warehouse_id, assigned_from, assigned_until) VALUES
(1, 1, '2023-02-03', NULL),
(2, 1, '2020-10-01', NULL),
(3, 1, '2025-02-06', NULL),
(4, 1, '2024-12-10', NULL),
(5, 1, '2020-10-11', NULL),
(6, 1, '2023-05-05', NULL),
(7, 1, '2025-03-08', NULL),
(8, 1, '2022-03-03', NULL),
(9, 1, '2024-06-10', NULL),
(10, 1, '2024-08-05', NULL),
(11, 1, '2023-06-18', NULL),
(12, 1, '2022-08-12', NULL),
(13, 1, '2021-01-19', NULL),
(14, 1, '2021-09-11', NULL),
(15, 1, '2021-10-25', NULL),
(16, 1, '2020-10-09', NULL),
(17, 1, '2021-02-11', NULL),
(18, 1, '2025-02-06', NULL),
(19, 1, '2022-06-19', NULL),
(20, 1, '2024-01-20', NULL);

-- Storage Requests
INSERT INTO storage_request (request_id, warehouse_id, customer_id, requested_entry_date, requested_exit_date, status, decision_employee_id, decision_date) VALUES
(1, 1, 50, '2025-06-05 18:15', '2025-06-25 18:15', 'accepted', NULL, '2025-06-04 18:15'),
(2, 1, 29, '2025-05-11 06:10', '2025-05-23 06:10', 'pending', NULL, NULL),
(3, 1, 36, '2025-06-05 05:00', '2025-06-25 05:00', 'accepted', NULL, '2025-06-04 05:00'),
(4, 1, 50, '2025-06-05 05:16', '2025-06-20 05:16', 'accepted', NULL, '2025-06-03 05:16'),
(5, 1, 47, '2025-05-27 17:30', '2025-06-04 17:30', 'pending', NULL, NULL),
(6, 1, 20, '2025-05-24 06:20', '2025-06-06 06:20', 'accepted', NULL, '2025-05-23 06:20'),
(7, 1, 19, '2025-05-28 04:23', '2025-06-05 04:23', 'pending', NULL, NULL),
(8, 1, 26, '2025-06-05 13:07', '2025-06-17 13:07', 'pending', NULL, NULL),
(9, 1, 28, '2025-05-15 02:56', '2025-05-25 02:56', 'accepted', NULL, '2025-05-15 02:56'),
(10, 1, 46, '2025-06-07 03:33', '2025-06-21 03:33', 'rejected', 8, '2025-06-07 03:33'),
(11, 1, 25, '2025-06-02 05:32', '2025-06-11 05:32', 'pending', NULL, NULL),
(12, 1, 24, '2025-06-01 02:32', '2025-06-08 02:32', 'pending', NULL, NULL),
(13, 1, 23, '2025-06-02 13:08', '2025-06-15 13:08', 'pending', NULL, NULL),
(14, 1, 44, '2025-05-10 09:46', '2025-05-20 09:46', 'accepted', NULL, '2025-05-09 09:46'),
(15, 1, 2, '2025-05-30 07:28', '2025-06-07 07:28', 'pending', NULL, NULL),
(16, 1, 47, '2025-05-31 12:17', '2025-06-17 12:17', 'pending', NULL, NULL),
(17, 1, 30, '2025-06-06 16:55', '2025-06-26 16:55', 'pending', NULL, NULL),
(18, 1, 19, '2025-05-08 04:16', '2025-05-20 04:16', 'pending', NULL, NULL),
(19, 1, 47, '2025-06-05 13:22', '2025-06-12 13:22', 'pending', NULL, NULL),
(20, 1, 14, '2025-06-01 03:30', '2025-06-14 03:30', 'pending', NULL, NULL),
(21, 1, 42, '2025-06-01 16:42', '2025-06-06 16:42', 'pending', NULL, NULL),
(22, 1, 5, '2025-06-07 03:33', '2025-06-21 03:33', 'rejected', 10, '2025-06-07 03:33'),
(23, 1, 14, '2025-06-01 00:09', '2025-06-16 00:09', 'accepted', NULL, '2025-05-30 00:09'),
(24, 1, 50, '2025-05-16 13:38', '2025-06-04 13:38', 'accepted', NULL, '2025-05-15 13:38'),
(25, 1, 9, '2025-05-19 08:11', '2025-05-24 08:11', 'accepted', NULL, '2025-05-18 08:11'),
(26, 1, 47, '2025-06-07 03:33', '2025-06-24 03:33', 'rejected', 9, '2025-06-04 03:33'),
(27, 1, 50, '2025-06-07 03:33', '2025-06-14 03:33', 'rejected', 9, '2025-06-05 03:33'),
(28, 1, 39, '2025-06-01 00:59', '2025-06-14 00:59', 'pending', NULL, NULL),
(29, 1, 22, '2025-05-12 22:33', '2025-05-19 22:33', 'accepted', NULL, '2025-05-11 22:33'),
(30, 1, 9, '2025-05-31 22:50', '2025-06-06 22:50', 'pending', NULL, NULL),
(31, 1, 22, '2025-06-01 04:00', '2025-06-13 04:00', 'pending', NULL, NULL),
(32, 1, 50, '2025-06-03 18:06', '2025-06-13 18:06', 'pending', NULL, NULL),
(33, 1, 7, '2025-06-01 07:05', '2025-06-12 07:05', 'pending', NULL, NULL),
(34, 1, 7, '2025-06-07 03:33', '2025-06-24 03:33', 'rejected', 11, '2025-06-05 03:33'),
(35, 1, 1, '2025-06-01 12:31', '2025-06-19 12:31', 'accepted', NULL, '2025-05-31 12:31'),
(36, 1, 46, '2025-06-07 03:33', '2025-06-27 03:33', 'rejected', 18, '2025-06-06 03:33'),
(37, 1, 30, '2025-06-05 13:29', '2025-06-13 13:29', 'pending', NULL, NULL),
(38, 1, 4, '2025-05-12 00:30', '2025-05-19 00:30', 'accepted', NULL, '2025-05-10 00:30'),
(39, 1, 8, '2025-05-23 04:02', '2025-06-07 04:02', 'accepted', NULL, '2025-05-20 04:02'),
(40, 1, 27, '2025-05-17 06:14', '2025-05-24 06:14', 'accepted', NULL, '2025-05-14 06:14'),
(41, 1, 42, '2025-05-30 15:28', '2025-06-16 15:28', 'pending', NULL, NULL),
(42, 1, 3, '2025-06-07 03:33', '2025-06-16 03:33', 'rejected', 1, '2025-06-06 03:33'),
(43, 1, 40, '2025-06-07 03:33', '2025-06-24 03:33', 'rejected', 13, '2025-06-06 03:33'),
(44, 1, 42, '2025-06-06 04:05', '2025-06-18 04:05', 'pending', NULL, NULL),
(45, 1, 44, '2025-06-05 02:03', '2025-06-11 02:03', 'pending', NULL, NULL),
(46, 1, 1, '2025-06-02 13:00', '2025-06-07 13:00', 'pending', NULL, NULL),
(47, 1, 46, '2025-06-05 03:03', '2025-06-25 03:03', 'accepted', NULL, '2025-06-03 03:03'),
(48, 1, 29, '2025-05-09 17:20', '2025-05-17 17:20', 'accepted', NULL, '2025-05-07 17:20'),
(49, 1, 25, '2025-06-06 17:16', '2025-06-16 17:16', 'pending', NULL, NULL),
(50, 1, 45, '2025-05-31 04:00', '2025-06-05 04:00', 'accepted', NULL, '2025-05-28 04:00'),
(51, 1, 43, '2025-06-01 12:59', '2025-06-16 12:59', 'pending', NULL, NULL),
(52, 1, 16, '2025-06-03 02:20', '2025-06-08 02:20', 'pending', NULL, NULL),
(53, 1, 6, '2025-06-02 15:14', '2025-06-19 15:14', 'pending', NULL, NULL),
(54, 1, 20, '2025-05-12 19:15', '2025-05-21 19:15', 'accepted', NULL, '2025-05-12 19:15'),
(55, 1, 39, '2025-06-02 09:37', '2025-06-16 09:37', 'pending', NULL, NULL),
(56, 1, 15, '2025-06-07 03:33', '2025-06-22 03:33', 'rejected', 5, '2025-06-06 03:33'),
(57, 1, 38, '2025-06-04 19:26', '2025-06-10 19:26', 'pending', NULL, NULL),
(58, 1, 13, '2025-06-07 03:33', '2025-06-19 03:33', 'rejected', 4, '2025-06-05 03:33'),
(59, 1, 38, '2025-06-02 12:11', '2025-06-09 12:11', 'pending', NULL, NULL),
(60, 1, 38, '2025-06-04 03:19', '2025-06-18 03:19', 'accepted', NULL, '2025-06-02 03:19'),
(61, 1, 49, '2025-05-25 23:34', '2025-06-06 23:34', 'accepted', NULL, '2025-05-25 23:34'),
(62, 1, 4, '2025-06-06 03:13', '2025-06-18 03:13', 'pending', NULL, NULL),
(63, 1, 5, '2025-06-07 03:33', '2025-06-22 03:33', 'rejected', 5, '2025-06-07 03:33'),
(64, 1, 48, '2025-05-12 09:20', '2025-05-26 09:20', 'accepted', NULL, '2025-05-09 09:20'),
(65, 1, 13, '2025-06-07 03:33', '2025-06-14 03:33', 'rejected', 3, '2025-06-07 03:33'),
(66, 1, 48, '2025-05-26 08:16', '2025-06-13 08:16', 'pending', NULL, NULL),
(67, 1, 46, '2025-06-02 18:59', '2025-06-12 18:59', 'pending', NULL, NULL),
(68, 1, 38, '2025-06-01 21:26', '2025-06-09 21:26', 'pending', NULL, NULL),
(69, 1, 23, '2025-05-15 11:47', '2025-05-30 11:47', 'accepted', NULL, '2025-05-15 11:47'),
(70, 1, 35, '2025-05-24 15:19', '2025-06-04 15:19', 'pending', NULL, NULL),
(71, 1, 38, '2025-06-02 04:34', '2025-06-21 04:34', 'accepted', NULL, '2025-06-02 04:34'),
(72, 1, 48, '2025-06-02 01:19', '2025-06-12 01:19', 'pending', NULL, NULL),
(73, 1, 13, '2025-06-07 03:33', '2025-06-21 03:33', 'rejected', 17, '2025-06-06 03:33'),
(74, 1, 25, '2025-06-06 23:56', '2025-06-14 23:56', 'pending', NULL, NULL),
(75, 1, 19, '2025-06-01 04:16', '2025-06-12 04:16', 'pending', NULL, NULL),
(76, 1, 3, '2025-05-23 16:56', '2025-06-02 16:56', 'accepted', NULL, '2025-05-21 16:56'),
(77, 1, 41, '2025-05-31 11:09', '2025-06-11 11:09', 'pending', NULL, NULL),
(78, 1, 50, '2025-06-02 12:11', '2025-06-10 12:11', 'pending', NULL, NULL),
(79, 1, 27, '2025-06-07 01:28', '2025-06-19 01:28', 'pending', NULL, NULL),
(80, 1, 22, '2025-05-25 15:51', '2025-06-13 15:51', 'pending', NULL, NULL),
(81, 1, 2, '2025-06-07 03:33', '2025-06-16 03:33', 'rejected', 16, '2025-06-04 03:33'),
(82, 1, 7, '2025-06-06 21:11', '2025-06-17 21:11', 'pending', NULL, NULL),
(83, 1, 45, '2025-06-07 03:33', '2025-06-14 03:33', 'rejected', 19, '2025-06-07 03:33'),
(84, 1, 34, '2025-05-27 19:05', '2025-06-03 19:05', 'pending', NULL, NULL),
(85, 1, 46, '2025-06-04 14:37', '2025-06-24 14:37', 'pending', NULL, NULL),
(86, 1, 26, '2025-05-12 21:29', '2025-05-22 21:29', 'accepted', NULL, '2025-05-11 21:29'),
(87, 1, 36, '2025-06-07 03:33', '2025-06-26 03:33', 'rejected', 18, '2025-06-07 03:33'),
(88, 1, 22, '2025-06-04 19:55', '2025-06-14 19:55', 'pending', NULL, NULL),
(89, 1, 45, '2025-06-05 05:18', '2025-06-13 05:18', 'pending', NULL, NULL),
(90, 1, 14, '2025-06-07 03:33', '2025-06-23 03:33', 'rejected', 16, '2025-06-07 03:33'),
(91, 1, 42, '2025-06-07 03:33', '2025-06-15 03:33', 'rejected', 3, '2025-06-05 03:33'),
(92, 1, 27, '2025-05-30 08:58', '2025-06-13 08:58', 'pending', NULL, NULL),
(93, 1, 24, '2025-05-25 07:07', '2025-06-01 07:07', 'accepted', NULL, '2025-05-25 07:07'),
(94, 1, 29, '2025-06-03 08:04', '2025-06-15 08:04', 'accepted', NULL, '2025-06-03 08:04'),
(95, 1, 36, '2025-05-16 08:33', '2025-05-21 08:33', 'accepted', NULL, '2025-05-16 08:33'),
(96, 1, 21, '2025-06-02 11:40', '2025-06-20 11:40', 'pending', NULL, NULL),
(97, 1, 15, '2025-06-07 03:33', '2025-06-13 03:33', 'rejected', 1, '2025-06-04 03:33'),
(98, 1, 7, '2025-06-04 06:24', '2025-06-10 06:24', 'accepted', NULL, '2025-06-03 06:24'),
(99, 1, 19, '2025-06-03 18:05', '2025-06-18 18:05', 'pending', NULL, NULL),
(100, 1, 30, '2025-05-25 16:37', '2025-06-04 16:37', 'accepted', NULL, '2025-05-22 16:37'),
(101, 1, 48, '2025-05-21 00:42', '2025-05-28 00:42', 'accepted', NULL, '2025-05-18 00:42'),
(102, 1, 28, '2025-05-10 16:10', '2025-05-27 16:10', 'pending', NULL, NULL),
(103, 1, 16, '2025-06-06 14:14', '2025-06-25 14:14', 'pending', NULL, NULL),
(104, 1, 17, '2025-05-18 17:31', '2025-05-30 17:31', 'pending', NULL, NULL),
(105, 1, 50, '2025-05-29 06:49', '2025-06-18 06:49', 'accepted', NULL, '2025-05-28 06:49'),
(106, 1, 40, '2025-06-05 00:18', '2025-06-13 00:18', 'pending', NULL, NULL),
(107, 1, 40, '2025-06-07 03:33', '2025-06-13 03:33', 'rejected', 1, '2025-06-04 03:33'),
(108, 1, 32, '2025-05-08 08:36', '2025-05-28 08:36', 'pending', NULL, NULL),
(109, 1, 18, '2025-06-01 17:05', '2025-06-15 17:05', 'accepted', NULL, '2025-05-29 17:05'),
(110, 1, 1, '2025-06-01 00:30', '2025-06-06 00:30', 'pending', NULL, NULL),
(111, 1, 41, '2025-06-06 09:20', '2025-06-19 09:20', 'pending', NULL, NULL),
(112, 1, 16, '2025-06-01 22:45', '2025-06-11 22:45', 'pending', NULL, NULL),
(113, 1, 11, '2025-05-12 23:07', '2025-05-24 23:07', 'pending', NULL, NULL),
(114, 1, 4, '2025-05-31 21:45', '2025-06-09 21:45', 'pending', NULL, NULL),
(115, 1, 40, '2025-05-27 08:47', '2025-06-13 08:47', 'pending', NULL, NULL),
(116, 1, 10, '2025-06-02 04:12', '2025-06-20 04:12', 'pending', NULL, NULL),
(117, 1, 13, '2025-05-24 03:26', '2025-06-03 03:26', 'pending', NULL, NULL),
(118, 1, 31, '2025-06-06 09:17', '2025-06-26 09:17', 'pending', NULL, NULL),
(119, 1, 20, '2025-06-07 03:33', '2025-06-20 03:33', 'rejected', 19, '2025-06-04 03:33'),
(120, 1, 45, '2025-05-31 09:12', '2025-06-15 09:12', 'pending', NULL, NULL),
(121, 1, 36, '2025-06-04 15:55', '2025-06-10 15:55', 'pending', NULL, NULL),
(122, 1, 38, '2025-06-06 06:41', '2025-06-25 06:41', 'pending', NULL, NULL),
(123, 1, 1, '2025-05-22 13:34', '2025-05-30 13:34', 'accepted', NULL, '2025-05-21 13:34'),
(124, 1, 43, '2025-05-10 15:41', '2025-05-27 15:41', 'accepted', NULL, '2025-05-08 15:41'),
(125, 1, 41, '2025-06-01 03:42', '2025-06-13 03:42', 'pending', NULL, NULL),
(126, 1, 25, '2025-06-07 03:33', '2025-06-22 03:33', 'rejected', 13, '2025-06-05 03:33'),
(127, 1, 13, '2025-06-03 11:42', '2025-06-12 11:42', 'pending', NULL, NULL),
(128, 1, 23, '2025-06-01 22:12', '2025-06-12 22:12', 'accepted', NULL, '2025-06-01 22:12'),
(129, 1, 46, '2025-05-23 22:05', '2025-06-07 22:05', 'accepted', NULL, '2025-05-21 22:05'),
(130, 1, 45, '2025-06-05 03:45', '2025-06-24 03:45', 'pending', NULL, NULL),
(131, 1, 23, '2025-05-16 02:52', '2025-05-30 02:52', 'accepted', NULL, '2025-05-15 02:52'),
(132, 1, 34, '2025-06-07 03:33', '2025-06-18 03:33', 'rejected', 3, '2025-06-06 03:33'),
(133, 1, 30, '2025-06-07 02:13', '2025-06-24 02:13', 'pending', NULL, NULL),
(134, 1, 13, '2025-05-08 09:18', '2025-05-13 09:18', 'accepted', NULL, '2025-05-06 09:18'),
(135, 1, 39, '2025-06-06 17:39', '2025-06-13 17:39', 'pending', NULL, NULL),
(136, 1, 20, '2025-05-13 17:32', '2025-05-25 17:32', 'accepted', NULL, '2025-05-12 17:32'),
(137, 1, 30, '2025-05-10 10:03', '2025-05-27 10:03', 'accepted', NULL, '2025-05-09 10:03'),
(138, 1, 39, '2025-05-24 20:01', '2025-06-06 20:01', 'pending', NULL, NULL),
(139, 1, 24, '2025-05-25 22:04', '2025-06-02 22:04', 'accepted', NULL, '2025-05-22 22:04'),
(140, 1, 41, '2025-05-11 14:15', '2025-05-28 14:15', 'pending', NULL, NULL),
(141, 1, 11, '2025-05-19 02:32', '2025-05-28 02:32', 'accepted', NULL, '2025-05-19 02:32'),
(142, 1, 35, '2025-06-02 11:39', '2025-06-14 11:39', 'pending', NULL, NULL),
(143, 1, 8, '2025-06-07 03:33', '2025-06-21 03:33', 'rejected', 16, '2025-06-06 03:33'),
(144, 1, 37, '2025-06-03 19:22', '2025-06-09 19:22', 'pending', NULL, NULL),
(145, 1, 23, '2025-05-16 05:58', '2025-05-24 05:58', 'pending', NULL, NULL),
(146, 1, 25, '2025-06-01 15:33', '2025-06-20 15:33', 'pending', NULL, NULL),
(147, 1, 21, '2025-06-07 03:33', '2025-06-13 03:33', 'rejected', 14, '2025-06-05 03:33'),
(148, 1, 18, '2025-06-05 20:18', '2025-06-20 20:18', 'pending', NULL, NULL),
(149, 1, 46, '2025-05-12 02:06', '2025-05-18 02:06', 'accepted', NULL, '2025-05-09 02:06'),
(150, 1, 49, '2025-05-09 03:30', '2025-05-23 03:30', 'accepted', NULL, '2025-05-08 03:30'),
(151, 1, 26, '2025-05-29 02:22', '2025-06-15 02:22', 'accepted', NULL, '2025-05-26 02:22'),
(152, 1, 32, '2025-05-24 13:10', '2025-06-07 13:10', 'accepted', NULL, '2025-05-22 13:10'),
(153, 1, 44, '2025-05-21 21:57', '2025-06-06 21:57', 'accepted', NULL, '2025-05-20 21:57'),
(154, 1, 5, '2025-06-02 14:58', '2025-06-20 14:58', 'pending', NULL, NULL),
(155, 1, 9, '2025-06-03 19:53', '2025-06-14 19:53', 'pending', NULL, NULL),
(156, 1, 11, '2025-06-07 03:33', '2025-06-26 03:33', 'rejected', 11, '2025-06-07 03:33'),
(157, 1, 27, '2025-05-21 03:37', '2025-06-07 03:37', 'accepted', NULL, '2025-05-20 03:37'),
(158, 1, 5, '2025-05-25 22:18', '2025-06-01 22:18', 'pending', NULL, NULL),
(159, 1, 19, '2025-06-07 03:33', '2025-06-25 03:33', 'rejected', 17, '2025-06-05 03:33'),
(160, 1, 35, '2025-06-06 05:49', '2025-06-17 05:49', 'pending', NULL, NULL),
(161, 1, 45, '2025-05-14 06:39', '2025-05-26 06:39', 'accepted', NULL, '2025-05-11 06:39'),
(162, 1, 39, '2025-06-07 03:33', '2025-06-12 03:33', 'rejected', NULL, '2025-06-05 03:33'),
(163, 1, 42, '2025-06-03 14:27', '2025-06-21 14:27', 'pending', NULL, NULL),
(164, 1, 19, '2025-06-05 18:05', '2025-06-10 18:05', 'pending', NULL, NULL),
(165, 1, 40, '2025-06-07 03:33', '2025-06-23 03:33', 'rejected', 4, '2025-06-04 03:33'),
(166, 1, 9, '2025-05-20 10:04', '2025-05-25 10:04', 'pending', NULL, NULL),
(167, 1, 24, '2025-06-03 22:27', '2025-06-12 22:27', 'pending', NULL, NULL),
(168, 1, 36, '2025-06-03 22:33', '2025-06-23 22:33', 'pending', NULL, NULL),
(169, 1, 34, '2025-06-07 03:33', '2025-06-17 03:33', 'rejected', 1, '2025-06-04 03:33'),
(170, 1, 33, '2025-06-01 08:08', '2025-06-18 08:08', 'pending', NULL, NULL),
(171, 1, 5, '2025-05-31 04:00', '2025-06-06 04:00', 'pending', NULL, NULL),
(172, 1, 50, '2025-05-10 08:13', '2025-05-29 08:13', 'pending', NULL, NULL),
(173, 1, 30, '2025-06-07 03:33', '2025-06-25 03:33', 'rejected', 5, '2025-06-05 03:33'),
(174, 1, 37, '2025-05-11 16:51', '2025-05-30 16:51', 'accepted', NULL, '2025-05-11 16:51'),
(175, 1, 47, '2025-05-27 19:46', '2025-06-14 19:46', 'accepted', NULL, '2025-05-26 19:46'),
(176, 1, 50, '2025-06-01 19:54', '2025-06-08 19:54', 'pending', NULL, NULL),
(177, 1, 12, '2025-06-02 22:36', '2025-06-09 22:36', 'pending', NULL, NULL),
(178, 1, 50, '2025-06-03 12:24', '2025-06-12 12:24', 'pending', NULL, NULL),
(179, 1, 49, '2025-06-05 18:42', '2025-06-15 18:42', 'pending', NULL, NULL),
(180, 1, 14, '2025-05-31 15:08', '2025-06-18 15:08', 'pending', NULL, NULL),
(181, 1, 40, '2025-05-31 21:12', '2025-06-08 21:12', 'pending', NULL, NULL),
(182, 1, 10, '2025-05-31 05:47', '2025-06-06 05:47', 'pending', NULL, NULL),
(183, 1, 41, '2025-06-04 17:09', '2025-06-24 17:09', 'pending', NULL, NULL),
(184, 1, 15, '2025-05-08 04:03', '2025-05-28 04:03', 'accepted', NULL, '2025-05-05 04:03'),
(185, 1, 18, '2025-06-04 08:25', '2025-06-12 08:25', 'pending', NULL, NULL),
(186, 1, 30, '2025-06-04 02:23', '2025-06-12 02:23', 'pending', NULL, NULL),
(187, 1, 24, '2025-06-02 05:53', '2025-06-17 05:53', 'pending', NULL, NULL),
(188, 1, 41, '2025-06-07 03:33', '2025-06-26 03:33', 'rejected', 12, '2025-06-05 03:33'),
(189, 1, 11, '2025-06-07 03:33', '2025-06-23 03:33', 'rejected', 4, '2025-06-06 03:33'),
(190, 1, 16, '2025-06-04 01:21', '2025-06-24 01:21', 'pending', NULL, NULL),
(191, 1, 45, '2025-06-05 10:43', '2025-06-19 10:43', 'pending', NULL, NULL),
(192, 1, 41, '2025-05-11 12:18', '2025-05-20 12:18', 'pending', NULL, NULL),
(193, 1, 29, '2025-06-05 18:38', '2025-06-24 18:38', 'pending', NULL, NULL),
(194, 1, 45, '2025-05-20 14:18', '2025-06-04 14:18', 'accepted', NULL, '2025-05-19 14:18'),
(195, 1, 49, '2025-06-05 19:30', '2025-06-20 19:30', 'pending', NULL, NULL),
(196, 1, 11, '2025-05-29 00:26', '2025-06-16 00:26', 'accepted', NULL, '2025-05-29 00:26'),
(197, 1, 3, '2025-06-04 06:11', '2025-06-16 06:11', 'pending', NULL, NULL),
(198, 1, 14, '2025-06-06 01:40', '2025-06-21 01:40', 'accepted', NULL, '2025-06-05 01:40'),
(199, 1, 34, '2025-06-05 13:58', '2025-06-17 13:58', 'pending', NULL, NULL),
(200, 1, 36, '2025-05-25 05:39', '2025-06-06 05:39', 'accepted', NULL, '2025-05-25 05:39');

-- Storage Reservations
INSERT INTO storage_reservation (reservation_id, request_id, customer_id, shelf_id, reserved_weight, reserved_volume, reserved_from, reserved_until, status) VALUES
(1, 1, 50, 1, 821, 3.22, '2025-06-05 18:15', '2025-06-25 18:15', 'active'),
(2, 3, 36, 2, 228, 7.57, '2025-06-05 05:00', '2025-06-25 05:00', 'active'),
(3, 4, 50, 3, 234, 9.12, '2025-06-05 05:16', '2025-06-20 05:16', 'active'),
(4, 6, 20, 4, 925, 8.32, '2025-05-24 06:20', '2025-06-06 06:20', 'active'),
(5, 9, 28, 5, 157, 5.89, '2025-05-15 02:56', '2025-05-25 02:56', 'active'),
(6, 14, 44, 6, 317, 8.02, '2025-05-10 09:46', '2025-05-20 09:46', 'active'),
(7, 23, 14, 7, 362, 9.29, '2025-06-01 00:09', '2025-06-16 00:09', 'active'),
(8, 24, 50, 8, 563, 2.18, '2025-05-16 13:38', '2025-06-04 13:38', 'active'),
(9, 25, 9, 9, 953, 8.45, '2025-05-19 08:11', '2025-05-24 08:11', 'active'),
(10, 29, 22, 10, 189, 3.4, '2025-05-12 22:33', '2025-05-19 22:33', 'active'),
(11, 35, 1, 11, 407, 9.75, '2025-06-01 12:31', '2025-06-19 12:31', 'active'),
(12, 38, 4, 12, 211, 8.58, '2025-05-12 00:30', '2025-05-19 00:30', 'active'),
(13, 39, 8, 13, 212, 6.14, '2025-05-23 04:02', '2025-06-07 04:02', 'active'),
(14, 40, 27, 14, 226, 9.87, '2025-05-17 06:14', '2025-05-24 06:14', 'active'),
(15, 47, 46, 15, 948, 6.02, '2025-06-05 03:03', '2025-06-25 03:03', 'active'),
(16, 48, 29, 1, 105, 6.94, '2025-05-09 17:20', '2025-05-17 17:20', 'active'),
(17, 50, 45, 2, 901, 6.77, '2025-05-31 04:00', '2025-06-05 04:00', 'active'),
(18, 54, 20, 3, 974, 9.19, '2025-05-12 19:15', '2025-05-21 19:15', 'active'),
(19, 60, 38, 4, 941, 6.17, '2025-06-04 03:19', '2025-06-18 03:19', 'active'),
(20, 61, 49, 5, 344, 7.65, '2025-05-25 23:34', '2025-06-06 23:34', 'active'),
(21, 64, 48, 6, 503, 5.62, '2025-05-12 09:20', '2025-05-26 09:20', 'active'),
(22, 69, 23, 7, 385, 9.22, '2025-05-15 11:47', '2025-05-30 11:47', 'active'),
(23, 71, 38, 8, 933, 7.54, '2025-06-02 04:34', '2025-06-21 04:34', 'active'),
(24, 76, 3, 9, 668, 9.19, '2025-05-23 16:56', '2025-06-02 16:56', 'active'),
(25, 86, 26, 10, 995, 2.64, '2025-05-12 21:29', '2025-05-22 21:29', 'active'),
(26, 93, 24, 11, 963, 9.17, '2025-05-25 07:07', '2025-06-01 07:07', 'active'),
(27, 94, 29, 12, 744, 2.39, '2025-06-03 08:04', '2025-06-15 08:04', 'active'),
(28, 95, 36, 13, 184, 1.92, '2025-05-16 08:33', '2025-05-21 08:33', 'active'),
(29, 98, 7, 14, 455, 2.61, '2025-06-04 06:24', '2025-06-10 06:24', 'active'),
(30, 100, 30, 15, 423, 6.12, '2025-05-25 16:37', '2025-06-04 16:37', 'active'),
(31, 101, 48, 1, 374, 9.14, '2025-05-21 00:42', '2025-05-28 00:42', 'active'),
(32, 105, 50, 2, 428, 1.11, '2025-05-29 06:49', '2025-06-18 06:49', 'active'),
(33, 109, 18, 3, 536, 8.51, '2025-06-01 17:05', '2025-06-15 17:05', 'active'),
(34, 123, 1, 4, 887, 3.36, '2025-05-22 13:34', '2025-05-30 13:34', 'active'),
(35, 124, 43, 5, 949, 3.48, '2025-05-10 15:41', '2025-05-27 15:41', 'active'),
(36, 128, 23, 6, 182, 1.92, '2025-06-01 22:12', '2025-06-12 22:12', 'active'),
(37, 129, 46, 7, 714, 5.7, '2025-05-23 22:05', '2025-06-07 22:05', 'active'),
(38, 131, 23, 8, 528, 7.97, '2025-05-16 02:52', '2025-05-30 02:52', 'active'),
(39, 134, 13, 9, 774, 8.49, '2025-05-08 09:18', '2025-05-13 09:18', 'active'),
(40, 136, 20, 10, 159, 7.23, '2025-05-13 17:32', '2025-05-25 17:32', 'active'),
(41, 137, 30, 11, 664, 4.97, '2025-05-10 10:03', '2025-05-27 10:03', 'active'),
(42, 139, 24, 12, 699, 8.62, '2025-05-25 22:04', '2025-06-02 22:04', 'active'),
(43, 141, 11, 13, 521, 6.27, '2025-05-19 02:32', '2025-05-28 02:32', 'active'),
(44, 149, 46, 14, 405, 2.93, '2025-05-12 02:06', '2025-05-18 02:06', 'active'),
(45, 150, 49, 15, 803, 6.68, '2025-05-09 03:30', '2025-05-23 03:30', 'active'),
(46, 151, 26, 1, 785, 9.25, '2025-05-29 02:22', '2025-06-15 02:22', 'active'),
(47, 152, 32, 2, 836, 8.39, '2025-05-24 13:10', '2025-06-07 13:10', 'active'),
(48, 153, 44, 3, 356, 7.5, '2025-05-21 21:57', '2025-06-06 21:57', 'active'),
(49, 157, 27, 4, 325, 3.86, '2025-05-21 03:37', '2025-06-07 03:37', 'active'),
(50, 161, 45, 5, 158, 1.55, '2025-05-14 06:39', '2025-05-26 06:39', 'active'),
(51, 174, 37, 6, 165, 1.18, '2025-05-11 16:51', '2025-05-30 16:51', 'active'),
(52, 175, 47, 7, 264, 9.15, '2025-05-27 19:46', '2025-06-14 19:46', 'active'),
(53, 184, 15, 8, 698, 7.05, '2025-05-08 04:03', '2025-05-28 04:03', 'active'),
(54, 194, 45, 9, 854, 3.05, '2025-05-20 14:18', '2025-06-04 14:18', 'active'),
(55, 196, 11, 10, 825, 8.84, '2025-05-29 00:26', '2025-06-16 00:26', 'active'),
(56, 198, 14, 11, 865, 7.35, '2025-06-06 01:40', '2025-06-21 01:40', 'active'),
(57, 200, 36, 12, 117, 9.38, '2025-05-25 05:39', '2025-06-06 05:39', 'active');

-- Storage Records
INSERT INTO storage_record (storage_record_id, request_id, customer_id, shelf_id, actual_entry_date, actual_exit_date, cargo_description, cargo_weight, cargo_volume) VALUES
(1, 1, 50, 1, '2025-06-05 18:15', '2025-06-14 18:15', 'Tv some key option.', 919.29, 1.26),
(2, 3, 36, 2, '2025-06-05 05:00', NULL, 'Dinner ask field popular career.', 351.18, 9.68),
(3, 4, 50, 3, '2025-06-05 05:16', '2025-06-12 05:16', 'Guess check business all left.', 441.04, 9.03),
(4, 6, 20, 4, '2025-05-24 06:20', NULL, 'Cell less identify.', 248.56, 1.31),
(5, 9, 28, 5, '2025-05-15 02:56', NULL, 'Technology determine yes news.', 733.12, 1.14),
(6, 14, 44, 6, '2025-05-10 09:46', NULL, 'Third maintain nice father happy.', 640.16, 7.71),
(7, 23, 14, 7, '2025-06-01 00:09', NULL, 'Until deep medical another.', 198.85, 4.42),
(8, 24, 50, 8, '2025-05-16 13:38', NULL, 'Specific loss industry situation.', 725.26, 8.85),
(9, 25, 9, 9, '2025-05-19 08:11', NULL, 'Mean cause factor establish design.', 347.06, 8.19),
(10, 29, 22, 10, '2025-05-12 22:33', '2025-05-20 22:33', 'Interest new choice.', 260.02, 8.01),
(11, 35, 1, 11, '2025-06-01 12:31', '2025-06-11 12:31', 'Thousand social successful.', 226.99, 2.08),
(12, 38, 4, 12, '2025-05-12 00:30', NULL, 'Work consider.', 321.69, 5.46),
(13, 39, 8, 13, '2025-05-23 04:02', '2025-05-30 04:02', 'Like night law away development.', 645.48, 9.48),
(14, 40, 27, 14, '2025-05-17 06:14', '2025-05-23 06:14', 'Still option.', 433.44, 7.81),
(15, 47, 46, 15, '2025-06-05 03:03', '2025-06-09 03:03', 'Discuss explain management key matter.', 606.62, 2.85),
(16, 48, 29, 1, '2025-05-09 17:20', '2025-05-16 17:20', 'Here participant past sea network.', 473.42, 5.23),
(17, 50, 45, 2, '2025-05-31 04:00', '2025-06-04 04:00', 'Discuss central science my effort.', 475.96, 3.41),
(18, 54, 20, 3, '2025-05-12 19:15', NULL, 'Feeling near.', 348.94, 7.42),
(19, 60, 38, 4, '2025-06-04 03:19', NULL, 'It course fast prove because.', 827.21, 5.48),
(20, 61, 49, 5, '2025-05-25 23:34', '2025-06-04 23:34', 'Professional son kind local.', 742.18, 4.35),
(21, 64, 48, 6, '2025-05-12 09:20', NULL, 'Prove arm.', 205.54, 3.81),
(22, 69, 23, 7, '2025-05-15 11:47', NULL, 'Executive social paper.', 458.94, 1.89),
(23, 71, 38, 8, '2025-06-02 04:34', '2025-06-06 04:34', 'List evidence yard admit.', 796.15, 8.65),
(24, 76, 3, 9, '2025-05-23 16:56', '2025-06-01 16:56', 'Charge front.', 766.44, 6.45),
(25, 86, 26, 10, '2025-05-12 21:29', NULL, 'Clear open.', 304.93, 9.82),
(26, 93, 24, 11, '2025-05-25 07:07', NULL, 'Back be loss visit.', 693.01, 3.18),
(27, 94, 29, 12, '2025-06-03 08:04', '2025-06-12 08:04', 'Class and.', 573.16, 3.83),
(28, 95, 36, 13, '2025-05-16 08:33', NULL, 'Try indeed.', 836.2, 5.93),
(29, 98, 7, 14, '2025-06-04 06:24', '2025-06-05 06:24', 'Least PM cost.', 114.47, 5.65),
(30, 100, 30, 15, '2025-05-25 16:37', NULL, 'Account cup rather.', 704.84, 5.83),
(31, 101, 48, 1, '2025-05-21 00:42', '2025-05-29 00:42', 'Magazine nation system toward father.', 585.71, 9.53),
(32, 105, 50, 2, '2025-05-29 06:49', NULL, 'Turn state yard bar.', 210.91, 3.81),
(33, 109, 18, 3, '2025-06-01 17:05', NULL, 'Design number various answer room.', 808.18, 4.03),
(34, 123, 1, 4, '2025-05-22 13:34', '2025-05-24 13:34', 'Moment water leader cut.', 303.23, 3.02),
(35, 124, 43, 5, '2025-05-10 15:41', '2025-05-18 15:41', 'Natural serve marriage.', 606.21, 3.98),
(36, 128, 23, 6, '2025-06-01 22:12', NULL, 'Energy prepare cut.', 721.04, 2.24),
(37, 129, 46, 7, '2025-05-23 22:05', NULL, 'South why training.', 149.05, 3.46),
(38, 131, 23, 8, '2025-05-16 02:52', '2025-05-20 02:52', 'Recent somebody might.', 757.25, 6.62),
(39, 134, 13, 9, '2025-05-08 09:18', NULL, 'Economic when ten season site.', 810.57, 2.43),
(40, 136, 20, 10, '2025-05-13 17:32', '2025-05-22 17:32', 'Election here.', 132.32, 9.05),
(41, 137, 30, 11, '2025-05-10 10:03', '2025-05-20 10:03', 'Defense possible half.', 955.54, 2.94),
(42, 139, 24, 12, '2025-05-25 22:04', NULL, 'Feeling hotel level amount.', 214.19, 7.5),
(43, 141, 11, 13, '2025-05-19 02:32', NULL, 'Former prevent all subject.', 524.22, 4.99),
(44, 149, 46, 14, '2025-05-12 02:06', NULL, 'Him know study wall.', 485.82, 5.16),
(45, 150, 49, 15, '2025-05-09 03:30', '2025-05-14 03:30', 'Pm only she reason those.', 307.0, 9.35),
(46, 151, 26, 1, '2025-05-29 02:22', NULL, 'Street mind bank.', 860.27, 2.46),
(47, 152, 32, 2, '2025-05-24 13:10', NULL, 'Could color turn happy simple.', 518.13, 4.6),
(48, 153, 44, 3, '2025-05-21 21:57', '2025-05-27 21:57', 'Behavior relationship set memory radio.', 572.4, 1.09),
(49, 157, 27, 4, '2025-05-21 03:37', '2025-05-29 03:37', 'Party five begin science.', 297.58, 6.38),
(50, 161, 45, 5, '2025-05-14 06:39', NULL, 'Week language other group.', 802.86, 5.98),
(51, 174, 37, 6, '2025-05-11 16:51', '2025-05-15 16:51', 'Work final other have.', 437.05, 1.28),
(52, 175, 47, 7, '2025-05-27 19:46', '2025-06-01 19:46', 'Force health hospital.', 389.61, 8.37),
(53, 184, 15, 8, '2025-05-08 04:03', NULL, 'Own bad reduce relationship.', 384.44, 5.74),
(54, 194, 45, 9, '2025-05-20 14:18', NULL, 'Environmental market hear amount.', 551.18, 2.58),
(55, 196, 11, 10, '2025-05-29 00:26', NULL, 'Indeed treat provide prevent.', 265.26, 2.18),
(56, 198, 14, 11, '2025-06-06 01:40', '2025-06-11 01:40', 'None perhaps myself help every.', 282.11, 5.75),
(57, 200, 36, 12, '2025-05-25 05:39', NULL, 'Oil face.', 285.93, 4.43);

-- Payments
INSERT INTO payment (payment_id, storage_record_id, customer_id, amount, currency, status, payment_date, external_reference) VALUES
(1, 1, 1, 620.78, 'USD', 'cancelled', '2025-05-30 23:17', 'PAY-20250607-0001'),
(2, 2, 2, 1295.19, 'PLN', 'paid', '2025-05-25 14:49', 'PAY-20250607-0002'),
(3, 3, 3, 594.89, 'USD', 'failed', '2025-05-29 12:35', 'PAY-20250607-0003'),
(4, 4, 4, 600.41, 'EUR', 'paid', '2025-05-18 08:48', 'PAY-20250607-0004'),
(5, 1, 5, 1997.0, 'USD', 'paid', '2025-05-19 04:48', 'PAY-20250607-0005'),
(6, 2, 6, 1037.13, 'PLN', 'pending', NULL, 'PAY-20250607-0006'),
(7, 3, 7, 966.17, 'PLN', 'pending', NULL, 'PAY-20250607-0007'),
(8, 4, 8, 1741.64, 'USD', 'cancelled', '2025-05-12 06:47', 'PAY-20250607-0008'),
(9, 1, 9, 578.18, 'USD', 'paid', '2025-05-26 19:11', 'PAY-20250607-0009'),
(10, 2, 10, 1805.62, 'EUR', 'failed', '2025-05-19 21:46', 'PAY-20250607-0010'),
(11, 3, 11, 1905.76, 'EUR', 'paid', '2025-06-03 12:40', 'PAY-20250607-0011'),
(12, 4, 12, 1276.35, 'PLN', 'pending', NULL, 'PAY-20250607-0012'),
(13, 1, 13, 1387.08, 'EUR', 'paid', '2025-05-21 09:58', 'PAY-20250607-0013'),
(14, 2, 14, 1707.45, 'USD', 'cancelled', '2025-05-29 20:04', 'PAY-20250607-0014'),
(15, 3, 15, 1391.63, 'USD', 'pending', NULL, 'PAY-20250607-0015'),
(16, 4, 16, 896.16, 'USD', 'paid', '2025-05-08 06:17', 'PAY-20250607-0016'),
(17, 1, 17, 897.84, 'USD', 'paid', '2025-05-31 07:26', 'PAY-20250607-0017'),
(18, 2, 18, 1796.8, 'USD', 'failed', '2025-05-30 09:04', 'PAY-20250607-0018'),
(19, 3, 19, 1697.58, 'USD', 'cancelled', '2025-05-28 12:56', 'PAY-20250607-0019'),
(20, 4, 20, 829.7, 'USD', 'failed', '2025-05-20 15:52', 'PAY-20250607-0020'),
(21, 1, 21, 1710.37, 'USD', 'failed', '2025-05-25 04:03', 'PAY-20250607-0021'),
(22, 2, 22, 1108.27, 'EUR', 'failed', '2025-05-09 02:09', 'PAY-20250607-0022'),
(23, 3, 23, 1125.11, 'USD', 'cancelled', '2025-05-25 07:57', 'PAY-20250607-0023'),
(24, 4, 24, 723.8, 'EUR', 'cancelled', '2025-05-10 22:09', 'PAY-20250607-0024'),
(25, 1, 25, 1529.54, 'USD', 'failed', '2025-06-03 07:47', 'PAY-20250607-0025'),
(26, 2, 26, 939.1, 'USD', 'failed', '2025-06-04 12:58', 'PAY-20250607-0026'),
(27, 3, 27, 1672.31, 'PLN', 'cancelled', '2025-05-30 20:26', 'PAY-20250607-0027'),
(28, 4, 28, 937.39, 'EUR', 'pending', NULL, 'PAY-20250607-0028'),
(29, 1, 29, 949.37, 'EUR', 'pending', NULL, 'PAY-20250607-0029'),
(30, 2, 30, 1489.91, 'EUR', 'failed', '2025-05-14 23:36', 'PAY-20250607-0030'),
(31, 3, 31, 1029.06, 'USD', 'paid', '2025-05-27 13:43', 'PAY-20250607-0031'),
(32, 4, 32, 1713.23, 'PLN', 'pending', NULL, 'PAY-20250607-0032'),
(33, 1, 33, 780.21, 'PLN', 'failed', '2025-05-19 07:28', 'PAY-20250607-0033'),
(34, 2, 34, 1659.21, 'EUR', 'pending', NULL, 'PAY-20250607-0034'),
(35, 3, 35, 1839.09, 'USD', 'cancelled', '2025-05-25 20:12', 'PAY-20250607-0035'),
(36, 4, 36, 578.14, 'EUR', 'paid', '2025-05-25 08:54', 'PAY-20250607-0036'),
(37, 1, 37, 1947.68, 'EUR', 'cancelled', '2025-05-22 16:37', 'PAY-20250607-0037'),
(38, 2, 38, 1170.73, 'USD', 'pending', NULL, 'PAY-20250607-0038'),
(39, 3, 39, 1170.62, 'PLN', 'pending', NULL, 'PAY-20250607-0039'),
(40, 4, 40, 1744.76, 'USD', 'failed', '2025-06-05 13:02', 'PAY-20250607-0040');